"Country or Area","Year","Value","Value Footnotes"
"Canada","2020","47226.36514033344",""
"China","2020","17209.442953974256",""
"India","2020","6517.761387543408",""
"Russia","2020","30011.57421875",""
"United States","2020","63528.63430275085",""

